<?xml version="1.0" encoding="UTF-8"?>
<project-private xmlns="http://www.netbeans.org/ns/project-private/1">
    <editor-bookmarks xmlns="http://www.netbeans.org/ns/editor-bookmarks/2" lastBookmarkId="0"/>
    <open-files xmlns="http://www.netbeans.org/ns/projectui-open-files/2">
        <group name="2º evaluacion">
            <file>file:/C:/Users/angy_/OneDrive%20-%20Educacyl/DAW/2º/1.%20DWES/MVC/02-tablaEmpleadosMVC/src/java/Servlets/Controlador.java</file>
            <file>file:/C:/Users/angy_/OneDrive%20-%20Educacyl/DAW/2º/1.%20DWES/MVC/02-tablaEmpleadosMVC/web/index.html</file>
            <file>file:/C:/Users/angy_/OneDrive%20-%20Educacyl/DAW/2º/1.%20DWES/MVC/02-tablaEmpleadosMVC/web/altas.jsp</file>
            <file>file:/C:/Users/angy_/OneDrive%20-%20Educacyl/DAW/2º/1.%20DWES/MVC/02-tablaEmpleadosMVC/src/java/MisClases/OperacionesBD.java</file>
        </group>
        <group name="2eval">
            <file>file:/C:/Users/DAW/Documents/NetBeansProjects/MVC/02-tablaEmpleadosMVC/web/index.html</file>
            <file>file:/C:/Users/DAW/Documents/NetBeansProjects/MVC/02-tablaEmpleadosMVC/src/java/MisClases/OperacionesBD.java</file>
            <file>file:/C:/Users/DAW/Documents/NetBeansProjects/MVC/02-tablaEmpleadosMVC/src/java/Servlets/Controlador.java</file>
        </group>
    </open-files>
</project-private>
