<?xml version="1.0" encoding="UTF-8"?>
<project-private xmlns="http://www.netbeans.org/ns/project-private/1">
    <editor-bookmarks xmlns="http://www.netbeans.org/ns/editor-bookmarks/2" lastBookmarkId="0"/>
    <open-files xmlns="http://www.netbeans.org/ns/projectui-open-files/2">
        <group>
            <file>file:/C:/Users/DAW/Documents/NetBeansProjects/AppMVC/web/listado.jsp</file>
            <file>file:/C:/Users/DAW/Documents/NetBeansProjects/AppMVC/src/java/Servlets/Controlador.java</file>
            <file>file:/C:/Users/DAW/Documents/NetBeansProjects/AppMVC/src/java/MisClases/OperacionesBD.java</file>
        </group>
        <group name="2eval"/>
    </open-files>
</project-private>
